{"cameraMode":{"drawMode":0,"name":"Shaded","section":"Shading Mode"},"sceneLighting":false,"audioPlay":false,"sceneViewState":{"m_AlwaysRefresh":false,"showFog":true,"showSkybox":false,"showFlares":true,"showImageEffects":true,"showParticleSystems":true,"showVisualEffectGraphs":true,"m_FxEnabled":true},"in2DMode":false,"pivot":{"x":0.00040721893310546875,"y":0.0006670951843261719,"z":-0.00067901611328125},"rotation":{"x":0.08176161348819733,"y":0.917738676071167,"z":-0.2908734083175659,"w":0.25818896293640139},"size":1.5239957571029664,"orthographic":false}