{"cameraMode":{"drawMode":0,"name":"Shaded","section":"Shading Mode"},"sceneLighting":false,"audioPlay":false,"sceneViewState":{"m_AlwaysRefresh":false,"showFog":true,"showSkybox":false,"showFlares":true,"showImageEffects":true,"showParticleSystems":true,"showVisualEffectGraphs":true,"m_FxEnabled":true},"in2DMode":false,"pivot":{"x":0.032116323709487918,"y":0.03874260187149048,"z":-0.057870298624038699},"rotation":{"x":0.07236737757921219,"y":-0.922056257724762,"z":0.19967277348041535,"w":0.3249683082103729},"size":0.2201860547065735,"orthographic":false}