{"cameraMode":{"drawMode":0,"name":"Shaded","section":"Shading Mode"},"sceneLighting":false,"audioPlay":false,"sceneViewState":{"m_AlwaysRefresh":false,"showFog":true,"showSkybox":false,"showFlares":true,"showImageEffects":true,"showParticleSystems":true,"showVisualEffectGraphs":true,"m_FxEnabled":true},"in2DMode":false,"pivot":{"x":1.7347685098648072,"y":0.7200976610183716,"z":0.008607136085629464},"rotation":{"x":-0.03476311266422272,"y":0.9646281599998474,"z":-0.16600152850151063,"w":-0.20225989818572999},"size":2.619314670562744,"orthographic":false}