{"cameraMode":{"drawMode":0,"name":"Shaded","section":"Shading Mode"},"sceneLighting":false,"audioPlay":false,"sceneViewState":{"m_AlwaysRefresh":false,"showFog":true,"showSkybox":false,"showFlares":true,"showImageEffects":true,"showParticleSystems":true,"showVisualEffectGraphs":true,"m_FxEnabled":true},"in2DMode":false,"pivot":{"x":-0.003754854202270508,"y":-0.014228224754333496,"z":0.0021567344665527345},"rotation":{"x":0.2257080227136612,"y":-0.7199997305870056,"z":0.2688802480697632,"w":0.5992937088012695},"size":0.8151110410690308,"orthographic":false}