{"cameraMode":{"drawMode":0,"name":"Shaded","section":"Shading Mode"},"sceneLighting":false,"audioPlay":false,"sceneViewState":{"m_AlwaysRefresh":false,"showFog":true,"showSkybox":false,"showFlares":true,"showImageEffects":true,"showParticleSystems":true,"showVisualEffectGraphs":true,"m_FxEnabled":true},"in2DMode":false,"pivot":{"x":-0.0069904327392578129,"y":0.20315492153167725,"z":0.05490279197692871},"rotation":{"x":-0.17250679433345796,"y":0.7895218133926392,"z":-0.2557249367237091,"w":-0.5310207605361939},"size":3.6003949642181398,"orthographic":false}