{"cameraMode":{"drawMode":0,"name":"Shaded","section":"Shading Mode"},"sceneLighting":false,"audioPlay":false,"sceneViewState":{"m_AlwaysRefresh":false,"showFog":true,"showSkybox":false,"showFlares":true,"showImageEffects":true,"showParticleSystems":true,"showVisualEffectGraphs":true,"m_FxEnabled":true},"in2DMode":false,"pivot":{"x":-0.15412692725658418,"y":1.2806252241134644,"z":-0.7382758259773254},"rotation":{"x":-0.25281602144241335,"y":0.0773923471570015,"z":-0.01860995776951313,"w":-0.9645761847496033},"size":1.3337520360946656,"orthographic":false}