{"cameraMode":{"drawMode":0,"name":"Shaded","section":"Shading Mode"},"sceneLighting":false,"audioPlay":false,"sceneViewState":{"m_AlwaysRefresh":false,"showFog":true,"showSkybox":false,"showFlares":true,"showImageEffects":true,"showParticleSystems":true,"showVisualEffectGraphs":true,"m_FxEnabled":true},"in2DMode":false,"pivot":{"x":0.024403095245361329,"y":-0.004123210906982422,"z":0.09911179542541504},"rotation":{"x":-0.17250679433345796,"y":0.7895218133926392,"z":-0.2557249367237091,"w":-0.5310207605361939},"size":2.789494037628174,"orthographic":false}