{"cameraMode":{"drawMode":0,"name":"Shaded","section":"Shading Mode"},"sceneLighting":false,"audioPlay":false,"sceneViewState":{"m_AlwaysRefresh":false,"showFog":true,"showSkybox":false,"showFlares":true,"showImageEffects":true,"showParticleSystems":true,"showVisualEffectGraphs":true,"m_FxEnabled":true},"in2DMode":false,"pivot":{"x":-0.08584751188755036,"y":0.3473314642906189,"z":-0.020599380135536195},"rotation":{"x":-0.18831685185432435,"y":0.726537823677063,"z":-0.21955139935016633,"w":-0.6234543919563294},"size":0.7386709451675415,"orthographic":false}