{"cameraMode":{"drawMode":0,"name":"Shaded","section":"Shading Mode"},"sceneLighting":false,"audioPlay":false,"sceneViewState":{"m_AlwaysRefresh":false,"showFog":true,"showSkybox":false,"showFlares":true,"showImageEffects":true,"showParticleSystems":true,"showVisualEffectGraphs":true,"m_FxEnabled":true},"in2DMode":false,"pivot":{"x":-0.00003205239772796631,"y":0.2566717863082886,"z":-0.00006400048732757568},"rotation":{"x":-0.039100438356399539,"y":0.9552607536315918,"z":-0.25422394275665285,"w":-0.14667364954948426},"size":0.405103474855423,"orthographic":false}