{"cameraMode":{"drawMode":0,"name":"Shaded","section":"Shading Mode"},"sceneLighting":false,"audioPlay":false,"sceneViewState":{"m_AlwaysRefresh":false,"showFog":true,"showSkybox":false,"showFlares":true,"showImageEffects":true,"showParticleSystems":true,"showVisualEffectGraphs":true,"m_FxEnabled":true},"in2DMode":false,"pivot":{"x":-0.12227439880371094,"y":-0.0794677734375,"z":-0.06259918212890625},"rotation":{"x":-0.03109230101108551,"y":-0.9582350254058838,"z":0.26032739877700808,"w":-0.11652516573667526},"size":16.727161407470704,"orthographic":false}