{"cameraMode":{"drawMode":0,"name":"Shaded","section":"Shading Mode"},"sceneLighting":false,"audioPlay":false,"sceneViewState":{"m_AlwaysRefresh":false,"showFog":true,"showSkybox":false,"showFlares":true,"showImageEffects":true,"showParticleSystems":true,"showVisualEffectGraphs":true,"m_FxEnabled":true},"in2DMode":false,"pivot":{"x":-0.2564655542373657,"y":-0.10241913795471192,"z":0.15477943420410157},"rotation":{"x":0.1010436862707138,"y":0.8195657730102539,"z":-0.15318112075328828,"w":0.5432499051094055},"size":2.155308246612549,"orthographic":false}