{"cameraMode":{"drawMode":0,"name":"Shaded","section":"Shading Mode"},"sceneLighting":false,"audioPlay":false,"sceneViewState":{"m_AlwaysRefresh":false,"showFog":false,"showSkybox":false,"showFlares":false,"showImageEffects":false,"showParticleSystems":false,"showVisualEffectGraphs":true,"m_FxEnabled":true},"in2DMode":false,"pivot":{"x":0.00006818771362304688,"y":1.192078948020935,"z":-0.09443715214729309},"rotation":{"x":-0.031647052615880969,"y":-0.9597162008285523,"z":0.24631217122077943,"w":-0.13553065061569215},"size":1.711997389793396,"orthographic":false}