{"cameraMode":{"drawMode":0,"name":"Shaded","section":"Shading Mode"},"sceneLighting":false,"audioPlay":false,"sceneViewState":{"m_AlwaysRefresh":false,"showFog":true,"showSkybox":false,"showFlares":true,"showImageEffects":true,"showParticleSystems":true,"showVisualEffectGraphs":true,"m_FxEnabled":true},"in2DMode":false,"pivot":{"x":3.9080123901367189,"y":0.11675667762756348,"z":0.25739192962646487},"rotation":{"x":0.07245061546564102,"y":0.9064894318580627,"z":-0.378069669008255,"w":0.17403391003608704},"size":0.6113430261611939,"orthographic":false}