{"cameraMode":{"drawMode":0,"name":"Shaded","section":"Shading Mode"},"sceneLighting":false,"audioPlay":false,"sceneViewState":{"m_AlwaysRefresh":false,"showFog":true,"showSkybox":false,"showFlares":true,"showImageEffects":true,"showParticleSystems":true,"showVisualEffectGraphs":true,"m_FxEnabled":true},"in2DMode":false,"pivot":{"x":0.9523575305938721,"y":0.39667120575904848,"z":-0.29948723316192629},"rotation":{"x":-0.1942727416753769,"y":0.7777569890022278,"z":-0.28720834851264956,"w":-0.5247371792793274},"size":0.03371027857065201,"orthographic":false}