{"cameraMode":{"drawMode":0,"name":"Shaded","section":"Shading Mode"},"sceneLighting":false,"audioPlay":false,"sceneViewState":{"m_AlwaysRefresh":false,"showFog":true,"showSkybox":false,"showFlares":true,"showImageEffects":true,"showParticleSystems":true,"showVisualEffectGraphs":true,"m_FxEnabled":true},"in2DMode":false,"pivot":{"x":0.006919950246810913,"y":-0.04853710159659386,"z":4.599793434143066},"rotation":{"x":-0.11573890596628189,"y":0.8171472549438477,"z":-0.17520737648010255,"w":-0.5372692346572876},"size":7.472017288208008,"orthographic":false}