{"cameraMode":{"drawMode":0,"name":"Shaded","section":"Shading Mode"},"sceneLighting":false,"audioPlay":false,"sceneViewState":{"m_AlwaysRefresh":false,"showFog":true,"showSkybox":false,"showFlares":true,"showImageEffects":true,"showParticleSystems":true,"showVisualEffectGraphs":true,"m_FxEnabled":true},"in2DMode":false,"pivot":{"x":-0.028457164764404298,"y":-0.0037871897220611574,"z":0.3682354688644409},"rotation":{"x":0.17787744104862214,"y":0.7136114835739136,"z":-0.194239541888237,"w":0.6495128273963928},"size":1.4953659772872925,"orthographic":false}