{"cameraMode":{"drawMode":0,"name":"Shaded","section":"Shading Mode"},"sceneLighting":false,"audioPlay":false,"sceneViewState":{"m_AlwaysRefresh":false,"showFog":true,"showSkybox":false,"showFlares":true,"showImageEffects":true,"showParticleSystems":true,"showVisualEffectGraphs":true,"m_FxEnabled":true},"in2DMode":false,"pivot":{"x":0.0005485415458679199,"y":0.016530930995941163,"z":0.4630032777786255},"rotation":{"x":0.17787744104862214,"y":0.7136114835739136,"z":-0.194239541888237,"w":0.6495128273963928},"size":0.9169901609420776,"orthographic":false}