{"cameraMode":{"drawMode":0,"name":"Shaded","section":"Shading Mode"},"sceneLighting":false,"audioPlay":false,"sceneViewState":{"m_AlwaysRefresh":false,"showFog":true,"showSkybox":false,"showFlares":true,"showImageEffects":true,"showParticleSystems":true,"showVisualEffectGraphs":true,"m_FxEnabled":true},"in2DMode":false,"pivot":{"x":-0.004340171813964844,"y":0.3250223994255066,"z":-0.09240841865539551},"rotation":{"x":-0.17250679433345796,"y":0.7895218133926392,"z":-0.2557249367237091,"w":-0.5310207605361939},"size":2.5720605850219728,"orthographic":false}