{"cameraMode":{"drawMode":0,"name":"Shaded","section":"Shading Mode"},"sceneLighting":false,"audioPlay":false,"sceneViewState":{"m_AlwaysRefresh":false,"showFog":true,"showSkybox":false,"showFlares":true,"showImageEffects":true,"showParticleSystems":true,"showVisualEffectGraphs":true,"m_FxEnabled":true},"in2DMode":false,"pivot":{"x":-0.10921621322631836,"y":0.5601487159729004,"z":0.00893983244895935},"rotation":{"x":0.12759296596050263,"y":0.8431484699249268,"z":-0.22867588698863984,"w":0.46995240449905398},"size":0.8352124691009522,"orthographic":false}