{"cameraMode":{"drawMode":0,"name":"Shaded","section":"Shading Mode"},"sceneLighting":false,"audioPlay":false,"sceneViewState":{"m_AlwaysRefresh":false,"showFog":true,"showSkybox":false,"showFlares":true,"showImageEffects":true,"showParticleSystems":true,"showVisualEffectGraphs":true,"m_FxEnabled":true},"in2DMode":false,"pivot":{"x":-94.41532135009766,"y":35.65176010131836,"z":-105.72348022460938},"rotation":{"x":0.18027666211128236,"y":0.6447408199310303,"z":-0.1602897197008133,"w":0.7254670858383179},"size":0.0016358791617676616,"orthographic":false}