{"cameraMode":{"drawMode":0,"name":"Shaded","section":"Shading Mode"},"sceneLighting":false,"audioPlay":false,"sceneViewState":{"m_AlwaysRefresh":false,"showFog":true,"showSkybox":false,"showFlares":true,"showImageEffects":true,"showParticleSystems":true,"showVisualEffectGraphs":true,"m_FxEnabled":true},"in2DMode":false,"pivot":{"x":-0.0365394651889801,"y":0.06521954387426377,"z":0.000905849039554596},"rotation":{"x":-0.09699737280607224,"y":0.8015874028205872,"z":-0.13443945348262788,"w":-0.5748536586761475},"size":0.6460621953010559,"orthographic":false}