{"cameraMode":{"drawMode":0,"name":"Shaded","section":"Shading Mode"},"sceneLighting":false,"audioPlay":false,"sceneViewState":{"m_AlwaysRefresh":false,"showFog":true,"showSkybox":false,"showFlares":true,"showImageEffects":true,"showParticleSystems":true,"showVisualEffectGraphs":true,"m_FxEnabled":true},"in2DMode":false,"pivot":{"x":53.06245422363281,"y":-13.910272598266602,"z":-22.996641159057618},"rotation":{"x":0.12759296596050263,"y":0.8431484699249268,"z":-0.22867588698863984,"w":0.46995240449905398},"size":48.82908248901367,"orthographic":false}