{"cameraMode":{"drawMode":0,"name":"Shaded","section":"Shading Mode"},"sceneLighting":false,"audioPlay":false,"sceneViewState":{"m_AlwaysRefresh":false,"showFog":true,"showSkybox":false,"showFlares":true,"showImageEffects":true,"showParticleSystems":true,"showVisualEffectGraphs":true,"m_FxEnabled":true},"in2DMode":false,"pivot":{"x":0.015999972820281984,"y":0.5740000009536743,"z":-0.013999998569488526},"rotation":{"x":-0.03109230101108551,"y":-0.9582350254058838,"z":0.26032739877700808,"w":-0.11652516573667526},"size":1.232576847076416,"orthographic":false}