{"cameraMode":{"drawMode":0,"name":"Shaded","section":"Shading Mode"},"sceneLighting":false,"audioPlay":false,"sceneViewState":{"m_AlwaysRefresh":false,"showFog":true,"showSkybox":false,"showFlares":true,"showImageEffects":true,"showParticleSystems":true,"showVisualEffectGraphs":true,"m_FxEnabled":true},"in2DMode":false,"pivot":{"x":0.13070717453956605,"y":0.5825024247169495,"z":-0.42016154527664187},"rotation":{"x":-0.3231571912765503,"y":-0.25177696347236636,"z":0.09001186490058899,"w":-0.9080526828765869},"size":1.1349421739578248,"orthographic":false}