{"cameraMode":{"drawMode":0,"name":"Shaded","section":"Shading Mode"},"sceneLighting":false,"audioPlay":false,"sceneViewState":{"m_AlwaysRefresh":false,"showFog":true,"showSkybox":false,"showFlares":true,"showImageEffects":true,"showParticleSystems":true,"showVisualEffectGraphs":true,"m_FxEnabled":true},"in2DMode":false,"pivot":{"x":0.038963764905929568,"y":1.3459537029266358,"z":0.4310736656188965},"rotation":{"x":-0.08066097646951676,"y":0.019711371511220933,"z":0.00003555497096385807,"w":-0.9968774318695068},"size":2.3928494453430177,"orthographic":false}