{"cameraMode":{"drawMode":0,"name":"Shaded","section":"Shading Mode"},"sceneLighting":false,"audioPlay":false,"sceneViewState":{"m_AlwaysRefresh":false,"showFog":true,"showSkybox":false,"showFlares":true,"showImageEffects":true,"showParticleSystems":true,"showVisualEffectGraphs":true,"m_FxEnabled":true},"in2DMode":false,"pivot":{"x":-0.9897345304489136,"y":0.6555554270744324,"z":-0.20315110683441163},"rotation":{"x":-0.008926996961236,"y":0.9794250726699829,"z":-0.19712337851524354,"w":-0.044366419315338138},"size":1.015420913696289,"orthographic":false}