{"cameraMode":{"drawMode":0,"name":"Shaded","section":"Shading Mode"},"sceneLighting":false,"audioPlay":false,"sceneViewState":{"m_AlwaysRefresh":false,"showFog":true,"showSkybox":false,"showFlares":true,"showImageEffects":true,"showParticleSystems":true,"showVisualEffectGraphs":true,"m_FxEnabled":true},"in2DMode":false,"pivot":{"x":0.01271963119506836,"y":0.14674240350723267,"z":0.04649507999420166},"rotation":{"x":-0.03109230101108551,"y":-0.9582350254058838,"z":0.26032739877700808,"w":-0.11652516573667526},"size":2.5032951831817629,"orthographic":false}